{
	"space_explosion":
	[
		{"file":"sounds/sfx_wpn_missiles/hellrose/space_explosion.ogg","pitch":1.01,"volume":2},
		{"file":"sounds/sfx_wpn_missiles/hellrose/space_explosion.ogg","pitch":1.00,"volume":2},
		{"file":"sounds/sfx_wpn_missiles/hellrose/space_explosion.ogg","pitch":0.99,"volume":2},
	],
	"dragon_prayer":
	[
		{"file":"sounds/sfx_wpn_missiles/hellrose/dragon_prayer.ogg","pitch":1.20,"volume":0.4},	
		{"file":"sounds/sfx_wpn_missiles/hellrose/dragon_prayer.ogg","pitch":1.16,"volume":0.4},	
		{"file":"sounds/sfx_wpn_missiles/hellrose/dragon_prayer.ogg","pitch":1.12,"volume":0.4},
		{"file":"sounds/sfx_wpn_missiles/hellrose/dragon_prayer.ogg","pitch":1.08,"volume":0.4},
		{"file":"sounds/sfx_wpn_missiles/hellrose/dragon_prayer.ogg","pitch":1.04,"volume":0.4},
		{"file":"sounds/sfx_wpn_missiles/hellrose/dragon_prayer.ogg","pitch":1.00,"volume":0.4},
		{"file":"sounds/sfx_wpn_missiles/hellrose/dragon_prayer.ogg","pitch":0.96,"volume":0.4},
		{"file":"sounds/sfx_wpn_missiles/hellrose/dragon_prayer.ogg","pitch":0.92,"volume":0.4},
		{"file":"sounds/sfx_wpn_missiles/hellrose/dragon_prayer.ogg","pitch":0.88,"volume":0.4},	
		{"file":"sounds/sfx_wpn_missiles/hellrose/dragon_prayer.ogg","pitch":0.84,"volume":0.4},	
		{"file":"sounds/sfx_wpn_missiles/hellrose/dragon_prayer.ogg","pitch":0.80,"volume":0.4},
	],
	"march_of_demon":
	[
		{"file":"sounds/sfx_wpn_missiles/hellrose/march_of_demon.ogg","pitch":1.01,"volume":0.25},
		{"file":"sounds/sfx_wpn_missiles/hellrose/march_of_demon.ogg","pitch":1.00,"volume":0.25},
		{"file":"sounds/sfx_wpn_missiles/hellrose/march_of_demon.ogg","pitch":0.99,"volume":0.25},
	],
}




